Accuracy,F1,Precision,Recall,TN,FP,FN,TP,Total_execution_time(Sec),AUC
0.9389978213507625,0.9412997903563941,0.9412997903563941,0.9412997903563941,413.0,28.0,28.0,449.0,0.9058964014053345,0.9387935203094777
