Accuracy,F1,Precision,Recall,TN,FP,FN,TP,Total_execution_time(Sec),AUC
0.9832325453545905,0.9837722798616654,0.9741833508956796,0.9935518538420204,1728.0,49.0,12.0,1849.0,3.508273458480835,0.9829954171884161
