Accuracy,F1,Precision,Recall,TN,FP,FN,TP,Total_execution_time(Sec),AUC
0.9166666666666666,0.9154929577464789,0.959731543624161,0.8751529987760098,1474.0,60.0,204.0,1430.0,3.123046708106995,0.9180076532764654
